"Farm compensation",
"Nonfarm compensation",
"Private nonfarm compensation",
"Forestry, fishing, and related activities",
"Forestry and logging",
"Fishing, hunting, and trapping",
"Agriculture and forestry support activities",
"Mining",
"Oil and gas extraction",
"Mining (except oil and gas)",
Support activities for mining,
"Utilities",
"Construction",
Construction of buildings,
"Heavy and civil engineering construction",
"Specialty trade contractors",
"Manufacturing",
"Durable goods manufacturing",
"Wood product manufacturing",
"Nonmetallic mineral product manufacturing",
"Primary metal manufacturing",
"Fabricated metal product manufacturing",
"Machinery manufacturing",
"Computer and electronic product manufacturing",
"Electrical equipment and appliance manufacturing",
"Motor vehicles, bodies and trailers, and parts manufacturing",
"Other transportation equipment manufacturing",
"Furniture and related product manufacturing",
"Miscellaneous manufacturing",
"Nondurable goods manufacturing",
"Food manufacturing",
"Beverage and tobacco product manufacturing",
"Textile mills",
"Textile product mill",
"Apparel manufacturing",
"Leather and allied product manufacturing",
"Paper manufacturing",
"Printing and related support activities",
"Petroleum and coal products manufacturing",
"Chemical manufacturing",
"Plastics and rubber products manufacturing",
"Wholesale trade",
"Retail trade",
"Motor vehicle and parts dealers",
"Furniture and home furnishings stores",
"Electronics and appliance stores",
"Building material and garden supply stores",
"Food and beverage stores",
"Health and personal care stores",
"Gasoline stations",
"Clothing and clothing accessories stores",
"Sporting goods, hobby, book and music stores",
"General merchandise stores",
"Miscellaneous store retailers",
"Nonstore retailers",
"Transportation and warehousing",
"Air transportation",
"Rail transportation",
"Water transportation",
"Truck transportation",
"Transit and ground passenger transportatio"n
Pipeline transportation,
"Scenic and sightseeing transportation",
"Support activities for transportation",
"Couriers and messengers",
"Warehousing and storage",
"Information",
"Publishing industries, except Internet",
"Motion picture and sound recording industries",
"Broadcasting, except Internet",
"Internet publishing and broadcasting",
"Telecommunications",
"Data processing, hosting, and related services",
"Other information services",
"Finance and insurance",
"Monetary authorities - central bank",
"Credit intermediation and related activities",
"Securities, commodity contracts, investments",
"Insurance carriers and related activities",
"Funds, trusts, and other financial vehicles",
"Real estate and rental and leasing,Real estate",
"Rental and leasing services,Lessors of nonfinancial intangible assets",
"Professional, scientific, and technical services",
"Management of companies and enterprises",
"Administrative and waste management services",
"Administrative and support services",
"Waste management and remediation services",
"Educational services",
"Health care and social assistance",
"Ambulatory health care services",
"Hospitals",
"Nursing and residential care facilities",
"Social assistance",
"Arts, entertainment, and recreation",
"Performing arts and spectator sports",
"Museums, historical sites, zoos, and parks",
"Amusement, gambling, and recreation",
"Accommodation and food services",
"Accommodation",
"Food services and drinking places",
"Other services, except public administration",
"Repair and maintenance",
"Personal and laundry services",
"Membership associations and organizations",
"Private households",
"Government and government enterprises",
"Federal, civilian",
"Military,State and local",
"State government",
"Local government"